https://cointelegraph.com/news/polkadot-aims-for-ethereum-ecosystem-with-chainlink-integration,Polkadot Aims for Ethereum Ecosystem with Chainlink Integration
https://cointelegraph.com/news/bitmains-antminer-e3-will-allegedly-stop-ethereum-mining-in-1-month-report,Bitmain’s Antminer E3 Will Allegedly Stop Ethereum Mining in 1 Month: Report
https://cointelegraph.com/news/are-the-bzx-flash-loan-attacks-signaling-the-end-of-defi,Are the BZx Flash Loan Attacks Signaling the End of DeFi?
https://cointelegraph.com/news/users-pay-1m-for-digital-land-as-2017-ico-finally-opens-virtual-world,Users Pay $1M for Digital Land as 2017 ICO Finally Opens Virtual World
https://cointelegraph.com/news/institutions-eye-bitcoin-as-hedge-against-global-economic-volatility,Institutions Eye Bitcoin as Hedge Against Global Economic Volatility
https://cointelegraph.com/news/aragon-court-is-now-in-session-for-global-decentralized-judgements,Aragon Court Is Now in Session for Global Decentralized Judgements
https://cointelegraph.com/news/crypto-goes-ipo-ripple-could-lead-the-blockchain-industrys-charge,Crypto Goes IPO — Ripple Could Lead the Blockchain Industry's Charge
https://cointelegraph.com/news/waves-launched-a-non-profit-association-under-german-law,Waves Launched a Non-Profit Association Under German Law
https://cointelegraph.com/news/cardano-inches-to-smart-contract-implementation-with-new-paper,Cardano Inches Toward Smart Contract Implementation with New Paper
https://cointelegraph.com/news/telegram-attacks-apple-musk-on-crypto-wef-debrief-hodlers-digest-jan-2026,"Telegram Attacks Apple, Musk on Crypto, WEF Debrief: Hodler’s Digest, Jan 20–26"
https://cointelegraph.com/news/bancors-airdrop-as-first-step-to-take-blockchain-out-of-1997-interview,Bancor’s Airdrop as First Step to Take Blockchain Out of 1997: Interview
https://cointelegraph.com/news/ethereum-classic-cooperative-warns-public-against-apparent-hard-fork-scam,Ethereum Classic Cooperative Warns Public Against Apparent Hard Fork Scam
https://cointelegraph.com/news/pwc-switzerland-partners-smart-contract-auditing-team-chainsecurity,PwC Switzerland Partners Smart Contract Auditing Team ChainSecurity
https://cointelegraph.com/explained/experts-share-what-are-the-biggest-crypto-and-blockchain-topics-to-follow-in-2020,Experts Share: What Are the Biggest Crypto and Blockchain Topics to Follow in 2020
https://cointelegraph.com/news/ethereum-network-overcame-intentional-attack-affecting-parity-nodes,Ethereum Network Overcame Intentional Attack Affecting Parity Nodes
https://cointelegraph.com/news/experts-claim-allegations-on-makerdao-vulnerabilities-are-substantial,Experts Claim Allegations on MakerDao Vulnerabilities Are Substantial
https://cointelegraph.com/news/makerdao-responds-to-dev-accusing-network-of-340m-vulnerabilty,MakerDAO Responds to Dev Accusing Network of $340M Vulnerabilty
https://cointelegraph.com/news/maker-launches-new-dai-today-expects-to-phase-out-old-dai-in-months,"Maker Launches New Dai Today, Expects to Phase-Out Old Dai in Months"
https://cointelegraph.com/news/ethereum-istanbul-hard-fork-release-date-confirmed-by-core-developer,Ethereum Istanbul Hard Fork Release Date Confirmed By Core Developer
https://cointelegraph.com/news/secrets-they-missed-at-devcon-what-its-really-like-in-a-working-dao,
https://cointelegraph.com/news/poll-60-tell-vitalik-buterin-no-to-ethereum-reversing-transactions,Poll: 60% Tell Vitalik Buterin ‘No’ to Ethereum Reversing Transactions
https://cointelegraph.com/news/blockone-slapped-with-24m-fine-cost-of-doing-business,Block.One Slapped With $24M Fine — Cost of Doing Business?
https://cointelegraph.com/news/secrets-they-missed-at-devcon-what-its-really-like-in-a-working-dao,
https://cointelegraph.com/news/crypto-rating-council-is-out-to-help-change-us-regulatory-landscape,Crypto Rating Council Is Out to Help Change US Regulatory Landscape
https://cointelegraph.com/news/stablecoins-backed-by-precious-metals-how-do-they-work,Stablecoins Backed by Precious Metals — How Do They Work?
https://cointelegraph.com/news/secrets-they-missed-at-devcon-what-its-really-like-in-a-working-dao,
https://cointelegraph.com/news/global-wash-trading-on-crypto-markets-down-by-over-35-bti-reports,"Global Wash Trading on Crypto Markets Down by Over 35%, BTI Reports"
https://cointelegraph.com/news/sec-reaches-24-million-settlement-with-eos-parent-firm-blockone,SEC Reaches $24 Million Settlement With EOS Parent Firm Block.one
https://cointelegraph.com/news/secrets-they-missed-at-devcon-what-its-really-like-in-a-working-dao,
https://cointelegraph.com/news/a-clear-path-for-ethereum,A Clear Path for Ethereumhttps://cointelegraph.com/news/us-sec-seeks-16-million-penalty-from-token-sales-platform-operator,US SEC Seeks $16 Million Penalty from Token Sales Platform Operator
